name,birthday,profile,gender,movie_attended
Judy Garland,1922-06-10,/dkhMrLSfnqS3fmxWuXaEMwxN0Tf.jpg,female,The Wizard of Oz. Judgment at Nuremberg. Meet Me in St. Louis
Frank Morgan,1890-06-01,/wqZaxQOgxkBnfSP7i2OMbBAVMI9.jpg,male,The Wizard of Oz. The Shop Around the Corner. The Three Musketeers
Ray Bolger,1904-01-10,/wTSd4hMEVZpBwhLuM5Jd83XiBwb.jpg,male,The Wizard of Oz
Bert Lahr,1895-08-13,/xGKDj0icXH1y0KFAJOKoue3oxj5.jpg,male,The Wizard of Oz. That's Entertainment!
Joseph Cotten,1905-05-15,/sVtC9bc28Tsv9Dtk70jLE26fexd.jpg,male,Citizen Kane. The Third Man. Touch of Evil
Dorothy Comingore,1913-08-24,/oZCewbT89apDCvHvMHxYs9n8Llc.jpg,female,Citizen Kane. Mr. Smith Goes to Washington. Golden Boy
Agnes Moorehead,1900-12-06,/ajpbxYhFVcpGAGMnux9zCwzRYlo.jpg,female,Citizen Kane. Charlotte's Web
Ruth Warrick,1915-06-29,/rR1DouGmWeJl3tZ1rTEV9H2quzd.jpg,female,Citizen Kane. Song of the South
Daniel Kaluuya,1989-02-24,/24trqMr2PBwAmttp9X4F3ZErgt4.jpg,male,Black Panther. Get Out. Sicario
Allison Williams,1988-04-13,/nV53hIKRJxhKNZEgQi7xWxRHrj0.jpg,female,Get Out
Catherine Keener,1959-03-23,/tEBdqBUduF3dBcJcBeY5ffZ9MMu.jpg,female,Get Out. Into the Wild. Percy Jackson & the Olympians: The Lightning Thief
Bradley Whitford,1959-10-10,/9nHggJ5mvOSCa2Rn6WSTgQOWrJL.jpg,male,Get Out. The Cabin in the Woods. The Post
Tom Hardy,1977-09-15,/4CR1D9VLWZcmGgh4b6kKuY2NOel.jpg,male,Inception. Mad Max: Fury Road. The Dark Knight Rises. Passagem por Lisboa. The Devil Within
Charlize Theron,1975-08-07,/aHOB9UMgSI7MlXF3GMZaVQXqfQg.jpg,female,Mad Max: Fury Road. Prometheus. The Fate of the Furious
Nicholas Hoult,1989-12-07,/h1gXgpuXERZTVhxMdjT7uvXIyq6.jpg,male,Mad Max: Fury Road. X-Men: Days of Future Past. X-Men: First Class
Hugh Keays-Byrne,1947-05-18,/lhYUcPimMMy7Ltp58NkB3RuJzSv.jpg,male,Mad Max: Fury Road. Mad Max
Alida Valli,1921-05-31,/p2aBH2hXwNPjQGRNuMUfycku0Za.jpg,female,Suspiria. The Third Man. Eyes Without a Face
Orson Welles,1915-05-06,/k7a0gp3HKWT5uBmfirM74vackiV.jpg,male,Citizen Kane. Touch of Evil. The Lady from Shanghai
Trevor Howard,1913-09-29,/drj1FPryhAimWCiufEnMLzUxpBQ.jpg,male,Superman. Gandhi. The Third Man. White House Down. The Art of Being Straight. Danny Greene: The Rise and Fall of the Irishman
Mahershala Ali,1974-02-16,/waUvfhRSpVe4vk0hGVcsr0dhpK6.jpg,male,The Hunger Games: Mockingjay - Part 1. The Hunger Games: Mockingjay - Part 2. The Curious Case of Benjamin Button
Shariff Earp, , ,male,Moonlight
Duan Sanderson, , ,male,Moonlight. Acid Rain
Alex Hibbert, ,/rWUu41SSz4bTiphToue2BrAlqZv.jpg,male,Black Panther. Moonlight
Amy Poehler,1971-09-16,/uMGW762oDZbR8jhFJRImJ1ls5cd.jpg,female,Inside Out. Shrek the Third. Mean Girls
Phyllis Smith Altenhaus, , ,male,Video From Hell
Richard Kind,1956-11-22,/xpLufPiiFgoCEdIMqD4RY79PKGb.jpg,male,Inside Out. Toy Story 3. Cars
Bill Hader,1978-06-07,/8LiP5wHNq3QpwoARquhkGcPSgjM.jpg,male,Star Wars: The Force Awakens. Inside Out. Star Wars: The Last Jedi
Gal Gadot,1985-04-30,/hzt1aV8FzEJlUtiWtrGSHlcdGCx.jpg,female,Wonder Woman. Batman v Superman: Dawn of Justice. Fast & Furious 6
Chris Pine,1980-08-26,/vSe6sIsdtcoqBhuWRXynahFg8Vf.jpg,male,Wonder Woman. Star Trek. Star Trek Into Darkness
Connie Nielsen,1965-07-03,/lvQypTfeH2Gn2PTbzq6XkT2PLmn.jpg,female,Wonder Woman. Gladiator. Justice League
Robin Wright,1966-04-08,/tXfQTgcIEPP7gtVdJ44ZxZPhacn.jpg,female,Forrest Gump. Wonder Woman. Justice League
Bette Davis,1908-04-05,/oWGPnjrIxmGHklOGimoPwvIxBgQ.jpg,female,All About Eve. What Ever Happened to Baby Jane?. Death on the Nile
Anne Baxter,1923-05-07,/jOnJoazpO6q2vAVL37IQfzQbjav.jpg,female,All About Eve. The Ten Commandments
George Sanders,1906-07-03,/6fvK8vUTgSMRvuw77PjjuIOMl6.jpg,male,The Jungle Book. All About Eve. Rebecca. Good Tidings
Celeste Holm,1917-04-29,/3TWctkWuPrtiwjqkfSDjDFcMcx.jpg,female,All About Eve. High Society. Gentleman's Agreement
Dee Wallace,1948-12-14,/iEgXsPaNVK3ByosROC3zFu3gk7R.jpg,female,E.T. the Extra-Terrestrial. Halloween
Henry Thomas,1971-09-09,/6d3C0i9Dpc4T9BEjYUw3pbb4BlJ.jpg,male,E.T. the Extra-Terrestrial. Gangs of New York. Dear John
Peter Coyote,1941-10-10,/5zVvYZxE6T0OeL1iaFBBCzY3QOi.jpg,male,E.T. the Extra-Terrestrial. A Walk to Remember. Patch Adams
Robert MacNaughton,1966-12-19,/a02sMKmi3ke4tRviEldnKBAxqfO.jpg,male,E.T. the Extra-Terrestrial. Frankenstein vs. The Mummy
Alfred Abel,1879-03-12,/ci8PjtUFW1kuOXyhSSaGD1jyX50.jpg,male,Metropolis. Dr. Mabuse, the Gambler. Phantom
Gustav Fröhlich,1902-03-21,/z8fMRjarFtxAeLsI9rurs3v1R9D.jpg,male,Metropolis. Asphalt. Ray of Sunshine
Rudolf Klein-Rogge,1885-11-24,/fbP75fGfXFQlkf3Q5oHbJ4wjG1g.jpg,male,Metropolis. The Cabinet of Dr. Caligari. The Testament of Dr. Mabuse
Fritz Rasp,1891-05-13,/aOP2oF7HClXD2Is2RNKpQiOvEOw.jpg,male,Metropolis. Diary of a Lost Girl
Mark Ruffalo,1967-11-22,/z3dvKqMNDQWk3QLxzumloQVR0pv.jpg,male,The Avengers. Iron Man 3. Avengers: Age of Ultron
Michael Keaton,1951-09-05,/baeHNv3qrVsnApuKbZXiJOhqMnw.jpg,male,Spider-Man: Homecoming. Toy Story 3. Minions
Rachel McAdams,1978-11-17,/j7EhBy7O6IbCdcTlXFNKHYS5StH.jpg,female,Doctor Strange. Sherlock Holmes. Sherlock Holmes: A Game of Shadows
Liev Schreiber,1967-10-04,/qFn3npmqd1qaYOk6yohmi3FbPhc.jpg,male,X-Men Origins: Wolverine. Spotlight. The 5th Wave
Clark Gable,1901-02-01,/gz93WiNKWQzZ4RGOgyihE1qrISF.jpg,male,Gone with the Wind. It Happened One Night. The Misfits
Claudette Colbert,1903-09-13,/xDp3nOs14KvJNWIXL860RDEQKgI.jpg,female,It Happened One Night. The Palm Beach Story. Drums Along the Mohawk
Walter Connolly,1887-04-08,/mb832b3NGCavCnmrbVj9EJVOwwk.jpg,male,It Happened One Night. Libeled Lady. Twentieth Century
Roscoe Karns,1891-09-07,/8K65O6N0qtgus9cdvBIdfmAEKJ2.jpg,male,It Happened One Night. His Girl Friday. Wings
Charles S. Chaplin, , ,male,Strange Horizons
Paulette Goddard,1910-06-03,/8MuOzgtsI1PQUIlj2e2Y1UFLpTc.jpg,female,Modern Times. The Great Dictator. The Women
Henry Bergman,1868-02-23,/lXhkLU19RhgFD95zx84jjXhhyE.jpg,male,Modern Times. City Lights. The Kid
Tiny Sandford,1894-02-26,/4Tw4KnA3S8dhl9tIs2v9aa0Va1c.jpg,male,Modern Times. The Great Dictator. The Gold Rush
David Oyelowo,1976-04-01,/uhFLGQqNmhLgcqgITkoGoHy9FTl.jpg,male,Interstellar. Rise of the Planet of the Apes. Jack Reacher
Carmen Ejogo,1974-01-01,/yAiQAfxCAFw2SNIVpAePKXBvT58.jpg,female,Fantastic Beasts and Where to Find Them. Alien: Covenant. The Purge: Anarchy. Rattlesnake
Jim France, , ,male,Father Figures
Humphrey Bogart,1899-12-25,/pxJrZluJHhbWRo2QXAG99FvXUi7.jpg,male,Casablanca. The Maltese Falcon. Sabrina
Ingrid Bergman,1915-08-29,/x6LOGUWNHH3pRO8gOup68xPJL46.jpg,female,Casablanca. Notorious. Murder on the Orient Express. Cries and Whispers. The Magic Flute
Paul Henreid,1908-01-10,/mW3WfoX4JDZ6oRQqVA6hO5LSRUi.jpg,male,Casablanca. Exorcist II: The Heretic. Now, Voyager
Claude Rains,1889-11-10,/l8di3lovLqcJQ8gbHKJltQk5KvD.jpg,male,Casablanca. Lawrence of Arabia. Notorious
Marlon Brando,1924-04-03,/vklkhX4QlRKnEG8ylhWzoBdcuev.jpg,male,The Godfather. Apocalypse Now. Superman Returns
Al Pacino,1940-04-25,/vfbfcqINRHzXNTenycHIjNO6Va7.jpg,male,The Godfather. The Godfather: Part II. Scarface
James Caan,1940-03-26,/lDUG4hn0H4vzmSbmLHZcVrAgWF1.jpg,male,The Godfather. The Godfather: Part II. Cloudy with a Chance of Meatballs. Good Enough
Richard S. Castellano,1933-09-04,/1vr75BdHWret81vuSJ3ugiCBkxw.jpg,male,The Godfather. Lovers and Other Strangers
Gene Kelly,1912-08-23,/xbQZidMyhviuLmI1h8cJoJ7F1LV.jpg,male,Singin' in the Rain. An American in Paris. The Young Girls of Rochefort. Anaconda
Donald O'Connor,1925-08-28,/sV7Dx16wcajPsxJItmW5dX4axoW.jpg,male,Singin' in the Rain. Toys
Debbie Reynolds,1932-04-01,/z5naigs3CDthHEX7qrfHnAsAEYO.jpg,female,Fear and Loathing in Las Vegas. Singin' in the Rain
Jean Hagen,1923-08-03,/uCuVvXXE392OWx0xptr9tnqoM0s.jpg,female,Singin' in the Rain. The Asphalt Jungle. Adam's Rib
Kumail Nanjiani,1978-02-21,/9EyrK1Cv7ey1h1GgmsVAOn45w6G.jpg,male,Central Intelligence. Sex Tape. Mike and Dave Need Wedding Dates
Zoe Kazan,1983-09-09,/xvSkyaLIRYDzabDUG2HXUYAd4A5.jpg,female,Revolutionary Road. Fracture. The Big Sick
Holly Hunter,1958-03-20,/2l33LH3IrDsz1p8FMp1tVYw4gUN.jpg,female,Batman v Superman: Dawn of Justice. The Incredibles. Incredibles 2
Ray Romano,1957-12-21,/zWT03QvuVYySlrjmHCojKrNYjoC.jpg,male,Ice Age. Ice Age: The Meltdown. Ice Age: Continental Drift
Gene Tierney,1920-11-19,/vaIZ0zvgf9yru5etvxlDwkcpUdf.jpg,female,Laura. The Ghost and Mrs. Muir. Night and the City
Dana Andrews,1909-01-01,/shBCkOYpoJuzwTmJMaP9ZqD8YPf.jpg,male,Laura. The Best Years of Our Lives
Clifton Webb,1889-11-19,/12hInQbYKyfkOCBdn5xG8w1duvs.jpg,male,Laura. Titanic. Cheaper by the Dozen
Vincent Price,1911-05-27,/1B5qC9TdVc20e6pA5zpFsuoCXUg.jpg,male,Edward Scissorhands. The Great Mouse Detective. The Ten Commandments. Limbo
Amy Adams,1974-08-20,/1h2r2VTpoFb5QefAaBYYQgQzL9z.jpg,female,Batman v Superman: Dawn of Justice. Arrival. Man of Steel. Terror Of The Killer Carnivorous Coat. Terror Of The Killer Carnivorous Coat
Jeremy Renner,1971-01-07,/g8gheNEdPSXWH5SnjfjTYWj5ziU.jpg,male,The Avengers. Captain America: Civil War. Avengers: Age of Ultron
Forest Whitaker,1961-07-15,/4pMQkelS5lK661m9Kz3oIxLYiyS.jpg,male,Black Panther. Arrival. Rogue One: A Star Wars Story
Michael Stuhlbarg,1968-07-05,/seBk12MUK51aUoYX4OW1itfOpJ6.jpg,male,Doctor Strange. Arrival. Men in Black 3
Anthony Perkins,1932-04-04,/lRwJZy8lTKEXpTOlHkyqIQpeyMJ.jpg,male,Psycho. Murder on the Orient Express. Psycho II
Vera Miles,1929-08-23,/qWP9L969DOSFgBhRV2Ik2ve8Z4r.jpg,female,Psycho. The Searchers. The Man Who Shot Liberty Valance
John Gavin,1931-04-08,/mMpkW6q6KVyzsRAkc2AObFQ5lEx.jpg,male,Psycho. Spartacus. Imitation of Life
Janet Leigh,1927-07-06,/3FWYSCJUOuYVDPG9UoMjtqNMdyb.jpg,female,Psycho. Touch of Evil. Halloween H20: 20 Years Later
Ellar Coltrane,1994-08-27,/wJvJrUlWFrwGSbij5mB3KlpdqXQ.jpg,male,Boyhood. The Circle
Patricia Arquette,1968-04-08,/2ZIZ2xIdWKZNKRcdIe60AH25c82.jpg,female,Boyhood. True Romance. Ed Wood
Elijah Smith, ,/aeS0tlMONY5XPJiMeBnv33oQjk2.jpg,male,Boyhood
Lorelei Linklater,1994-05-29,/tW89lIMvdP3EwtyoaOlFcn7y3YA.jpg,female,Boyhood. Waking Life. Bomb City
The Beatles, , ,male,Lost and Found
John Lennon,1940-10-09,/oVQZxiY6RTuICdkVN6nF8XJYJVe.jpg,male,A Hard Day's Night. Yellow Submarine. The Beatles: Eight Days a Week - The Touring Years
Paul McCartney,1942-06-18,/v7FagbD9EY4MVUtcrk9ESjPWV7q.jpg,male,Pirates of the Caribbean: Dead Men Tell No Tales. A Hard Day's Night
George Harrison, , ,male,Life of Brian. A Hard Day's Night. Sugartown
Hugh Jackman,1968-10-12,/aLvTYCe8Ar3jvqNiWLdHEJFyA32.jpg,male,Logan. X-Men: Days of Future Past. X-Men: First Class
Patrick Stewart,1940-07-13,/wEy5qSDT5jT3ZASc2hbwi59voPL.jpg,male,Logan. X-Men: Days of Future Past. Ted. The Making of Dr. Seuss' 'How the Grinch Stole Christmas!'
Dafne Keen,2005-07-19,/vohccdHmJHNZX9UIcRlmZ4Qwkj.jpg,female,Logan. Untitled X-23 Film
Boyd Holbrook,1981-09-01,/531YOKa2usleWCA55t6Db4MZhT3.jpg,male,Logan. Gone Girl. The Host
Mary Astor,1906-05-03,/w1KLRK5J5SRXkqONL9WS8exhKgp.jpg,female,The Maltese Falcon. Meet Me in St. Louis. Hush... Hush, Sweet Charlotte
Gladys George,1900-09-13,/2qzMYzWB90Z46NroCq82IYmrAig.jpg,female,The Maltese Falcon. The Best Years of Our Lives. The Roaring Twenties
Peter Lorre,1904-06-26,/6V1Jd8qN0PV76xJce7cJsqkQ55R.jpg,male,Casablanca. M. The Maltese Falcon
Sandra Bullock,1964-07-26,/bsAy8f8UZKairXQzRukU5FP4XAQ.jpg,female,Gravity. Minions. The Proposal
George Clooney,1961-05-06,/z4SBfpKDThuQY0FsvDbajcooBdA.jpg,male,Gravity. Ocean's Eleven. Tomorrowland
Ed Harris,1950-11-28,/atzm7ZGRFSWJHQT6qKmzjmNQ9GA.jpg,male,Gravity. The Truman Show. A Beautiful Mind
Orto Ignatiussen, ,/cIpItbFg6AqAVdAYDgFMlwZlf9p.jpg,male,Gravity. Aningaaq. Ikingut
J.J. Abrams,1966-06-27,/uiEVOx3QclxnN76t8PU6v5IcUUP.jpg,male,Star Wars: The Force Awakens. Star Trek. Star Trek Into Darkness
John Boyega,1992-03-17,/3153CfpgZQXTzCY0i74WpJumMQe.jpg,male,Star Wars: The Force Awakens. Star Wars: The Last Jedi. The Circle
Chris Clarke, , ,male,Solo: A Star Wars Story. Animal Farm. Edge of Tomorrow. Quantum of Solace. Robin Hood. The Dark. All Eyez on Me. Obvious Child. Home Movie
Adam Driver,1983-11-19,/rsjwgpV2OukxOJ9HEiEyf4qu1vR.jpg,male,Star Wars: The Force Awakens. Star Wars: The Last Jedi. Lincoln
Naomi Watts,1968-09-28,/8W02WOJI1pEGh2iqQsgITR5tV0P.jpg,female,Birdman. Insurgent. King Kong
Jack Black,1969-08-28,/vMXgtzMdt2jSAjOECFQ5F53blbr.jpg,male,Ice Age. Jumanji: Welcome to the Jungle. Kung Fu Panda
Adrien Brody,1973-04-14,/zvMslH1C8xmEBpGgDsdzL797Rv.jpg,male,The Grand Budapest Hotel. King Kong. Midnight in Paris
Thomas Kretschmann,1962-09-08,/sAGn557s6oJ74SycAV2DPb26Vqn.jpg,male,Avengers: Age of Ultron. Captain America: The Winter Soldier. King Kong
Roy Atwell,1878-05-02,/gHiJd6CHJyQJjL0xdnq1B0sOlVE.jpg,male,Snow White and the Seven Dwarfs. Souls for Sale. Bridal Suite
Stuart Buchanan, ,/dR6rMMbeq8m23ZhlLnOf7mke29x.jpg,male,Snow White and the Seven Dwarfs
Adriana Caselotti,1916-05-16,/spSFVZoDpFhkSeyEMTTJj8ZSNKs.jpg,female,Snow White and the Seven Dwarfs. It's a Wonderful Life. The Bride Wore Red
Eddie Collins,1883-01-30,/2w9TksbexmXMk6yVgIyqv8WuNRk.jpg,male,Snow White and the Seven Dwarfs. Young Mr. Lincoln. Drums Along the Mohawk. Braveheart. Amos & Andrew. The Sign of Four
Chiwetel Ejiofor,1977-07-10,/kq5DDnqqofoRI0t6ddtRlsJnNPT.jpg,male,The Martian. Doctor Strange. 2012
Dwight Henry, ,/fJZw6IV6j0qKuNRfhYmh1f3PhpT.jpg,male,12 Years a Slave. Beasts of the Southern Wild. The Birth of a Nation
Dickie Gravois, , ,male,12 Years a Slave
Bryan Batt,1963-03-01,/Aw9vEE9CGPYlUrwubVED3fpgjkB.jpg,male,12 Years a Slave. Funny People
Ben Affleck,1972-08-15,/rjGdI8f7MyGXg4kpTrA0ZZq1QX8.jpg,male,Suicide Squad. Batman v Superman: Dawn of Justice. Gone Girl
Bryan Cranston,1956-03-07,/9dvZ0Id5RtnCGianoayNJBFrNVU.jpg,male,Saving Private Ryan. Drive. Argo
Alan Arkin,1934-03-26,/gcrKO2z0YVUXBXVeB9V8PndG0IJ.jpg,male,Edward Scissorhands. Argo. Little Miss Sunshine
John Goodman,1952-06-20,/eOIx8zj1vYIRhVY2bK5cjIQfua0.jpg,male,Monsters, Inc.. Cars. Monsters University
Catherine Deneuve,1943-10-22,/67p8isY7KaJaG2FsEe4fowadnqR.jpg,female,Persepolis. Dancer in the Dark. The Brand New Testament
Ian Hendry,1931-01-13,/yncW9U3Q2Pvzc1fNoCfbWdkVrgE.jpg,male,Repulsion. Damien: Omen II. Get Carter. Who Gets In?
John Fraser,1931-03-18,/lGTs2ME2t7Xq8AqC1qtI3Ow9Nr4.jpg,male,Repulsion. El Cid. Freddy vs. Jason
Yvonne Furneaux,1928-05-11,/azdNJ9qXwpKrdCohPXWu1xC4ts9.jpg,female,La Dolce Vita. Repulsion. The Mummy
Errol Flynn,1909-06-20,/2fd8ZORZMGFJQqMcnoNgSnTOpPS.jpg,male,The Adventures of Robin Hood. The Lady from Shanghai. Captain Blood
Olivia de Havilland,1916-07-01,/rnMSdk6OZvRdimYbFHjiaYOtIlt.jpg,female,Gone with the Wind. The Adventures of Robin Hood. Airport '77
Basil Rathbone,1892-06-13,/vHdw4YuybYJqISjZoLQtC2Hm3L0.jpg,male,The Great Mouse Detective. The Adventures of Robin Hood. The Adventures of Ichabod and Mr. Toad
Casey Affleck,1975-08-12,/kPNMpiZHsAzeQar4DiNsrekwHBU.jpg,male,Interstellar. Ocean's Eleven. Good Will Hunting
Ben O’Brien,1977-02-19, ,male,Star Wars: The Force Awakens. Iron Man 2. Thor: Ragnarok
Kyle Chandler,1965-09-17,/1un1X4SxxcSVUYEgQ0HXPPRhKcv.jpg,male,The Wolf of Wall Street. Argo. King Kong
Richard Donelly, , ,male,Manchester by the Sea. Black Mass. The Polka King
Cary Grant,1904-01-18,/psdytm6BKzKd4vEd5TLUdm3rOmc.jpg,male,North by Northwest. Notorious. Charade
Eva Marie Saint,1924-07-04,/9DpClOXbxSAsZiwsCnwIPA212pQ.jpg,female,Superman Returns. North by Northwest. Winter's Tale
James Mason,1909-05-15,/b0ebmboBdaYvk8fn2CFCQl4TaW9.jpg,male,North by Northwest. Lolita. 20,000 Leagues Under the Sea. Dark Night of the Pumpkinman 2. When Wrestling Was Golden: Grapples, Grunts and Grannies
Jessie Royce Landis,1904-11-25,/o7NngdQPrvEfN3m3UVcjVPwC3Co.jpg,female,North by Northwest. To Catch a Thief
William Holden,1918-04-17,/6sa5f8p1KBhYxJDEmCLxn7QLcBe.jpg,male,Sunset Boulevard. The Bridge on the River Kwai. Network. The Trespasser. Not So Dumb. Three Faces East. The Love Club. Sioux Rapids. Fame in California
Gloria Swanson,1899-03-27,/g9gVXDnY6gNoqe9H3zJlpFqVS7h.jpg,female,Sunset Boulevard. Airport 1975
Erich von Stroheim,1885-09-22,/v0DY16kMSMAqIdI3yYSRGYiz37c.jpg,male,Sunset Boulevard. Grand Illusion. Intolerance: Love's Struggle Throughout the Ages
Nancy Olson,1928-07-14,/hon9m9nniX5pJ6hqKLeeHCgigoX.jpg,female,Flubber. Sunset Boulevard. Airport 1975
James Stewart,1908-05-20,/d3wCljbO6DMbeUSwjhiCuoivUpL.jpg,male,Rear Window. Vertigo. It's a Wonderful Life. R.I.P.D.. Terrafirma. Kickstart 3 Whiskey Throttle. Kickstart. Voodoo Lagoon. She Lives by Night
Grace Kelly,1929-11-12,/2dNjXRNbhOmovybmr5iCdAhqdwl.jpg,female,Rear Window. Dial M for Murder. High Noon. The Bird Who Could Fly
Wendell Corey,1914-03-20,/uQ7NEKJjC6Wj00V2CoYMbCvRcSn.jpg,male,Rear Window. Sorry, Wrong Number
Thelma Ritter,1905-02-14,/oMCbRKA165vBWOCskSXNKDplQf9.jpg,female,Rear Window. All About Eve. Miracle on 34th Street
Nanda Primavera, ,/7IgkGlkLY8W73LkfXpee9P2bulv.jpg,male,Il medico della mutua. Il prof. Dott. Guido Tersilli, primario della clinica Villa Celeste convenzionata con le mutue. Complexes
Tom Skerritt,1933-08-25,/m4KNYlzzV5PCpOqBU5x9ydab0aR.jpg,male,Ted. Alien. Top Gun
Sigourney Weaver,1949-10-08,/gxBIAr3CnBjkNRoPovVJCvEGqP0.jpg,female,Avatar. WALL·E. Finding Dory
Veronica Cartwright,1949-04-20,/8s31kdotRrghkH4DkxpRZCmELYd.jpg,female,Alien. Scary Movie 2. The Birds
Harry Dean Stanton,1926-07-14,/nDSav6v9Z8dSJSXoooT2g0LjbCd.jpg,male,The Avengers. The Green Mile. Alien
Ansel Elgort,1994-03-14,/88qIOwM4Ztjvr1zaEB81Ee8h6Y0.jpg,male,Divergent. Baby Driver. The Fault in Our Stars
Jon Bernthal,1977-09-20,/w3epqN0BlV4TiUV9255d5tSCIRV.jpg,male,The Wolf of Wall Street. Baby Driver. Fury
Jon Hamm,1971-03-10,/wb14AA6u8dqA0XNweRIeKXatzzc.jpg,male,Minions. Baby Driver. Shrek Forever After
Eiza González,1990-01-30,/7e7YLQRWEh6amQAwPU5HKDY0TV9.jpg,female,Baby Driver. Jem and the Holograms
Katharine Hepburn,1907-05-12,/hzBSOe6bburyMeeCqD9kR9tRfdD.jpg,female,The African Queen. Bringing Up Baby. The Philadelphia Story
Ruth Hussey,1911-10-30,/ms3vsuqzSVfH9106A0OorpCk5oA.jpg,female,The Philadelphia Story. The Uninvited
Tom Hanks,1956-07-09,/xxPMucou2wRDxLrud8i2D4dsywh.jpg,male,Forrest Gump. Toy Story. Saving Private Ryan
Tim Allen,1953-06-13,/dDbtWMGdhatUjCIYolc312R2ygu.jpg,male,Toy Story. Toy Story 3. Toy Story 2. The Lion King. Beauty and the Beast. Corpse Bride. So Shall You Reap. PROXiMITY. See No Evil
Joan Cusack,1962-10-11,/3jcrXcFYoSKEUvokzqrQ2UJGtw.jpg,female,Toy Story 3. Toy Story 2. The Perks of Being a Wallflower
Kelsey Grammer,1955-02-21,/8h3ThicYhj6fEMSMtSdzFXrUyx2.jpg,male,X-Men: Days of Future Past. Toy Story 2. X-Men: The Last Stand
Ryan Gosling,1980-11-12,/5rOcicCrTCWye0O2S3dnbnWaCr1.jpg,male,La La Land. Drive. Blade Runner 2049
Emma Stone,1988-11-06,/6n3aRnB1tM7Bx42RGejqhNiSaAA.jpg,female,The Amazing Spider-Man. La La Land. Birdman. White Angel
Amiée Conn, ,/wAcmKIkZOfuS3gKnUTUW9Epu6Yy.jpg,male,La La Land. Not Fade Away
Terry Walters, ,/8zpqrZDAfJS0TrfTzc8LuoCteto.jpg,female,La La Land. Beginners. Crimes and Misdemeanors. Knifepoint
Diahnne Abbott,1945-05-01,/bstWqig7aE762V7Bv7dMdH8CbzW.jpg,female,Taxi Driver. The King of Comedy. Love Streams
Frank Adu, , ,male,Taxi Driver. Love and Death. C.H.U.D.
Victor Argo,1934-11-05,/kYwuOpT59qqJnssl9R4226yHSAG.jpg,male,Taxi Driver. True Romance. Mean Streets
Gino Ardito, , ,male,Taxi Driver. Alex And The Gypsy
Charlton Heston,1923-10-04,/pXwJV9JlOCKOHSfEJdt2q61SZVq.jpg,male,Armageddon. Hercules. Planet of the Apes
Joseph Calleia,1897-08-04,/xyb6l5Epo5NXbKUXD7puhLoYca2.jpg,male,Touch of Evil. Gilda. The Alamo
Ginnifer Goodwin,1978-05-22,/vAH6j1A0L88R4UD9QX1nM9OLoYw.jpg,female,Zootopia. He's Just Not That Into You. Walk the Line
Jason Bateman,1969-01-14,/yNhKtdcXy2Dah6WwDGyqlmC4NbC.jpg,male,Zootopia. Hancock. Juno
Idris Elba,1972-09-06,/be1bVF7qGX91a6c5WeRPs5pKXln.jpg,male,Avengers: Age of Ultron. Thor. Avengers: Infinity War
Jenny Slate,1982-03-25,/aqH8MCnT3O5Od3OfZR8LClSP7UB.jpg,female,Zootopia. The Secret Life of Pets. Despicable Me 3
Ed Asner,1929-11-15,/nUnDLli9zmGQu6UCEU3G4FUdYqQ.jpg,male,Up. Elf
Christopher Plummer,1929-12-13,/fauMGxa6dc86nHNenQ8X6DlE6YV.jpg,male,Up. A Beautiful Mind. Twelve Monkeys. Shockwave Darkside
Jordan Nagai,2000-02-05,/8UjtI2fYUTXFzqEGc7rDAgFiAm7.jpg,male,Up. Dug's Special Mission
Bob Peterson,1961-01-18,/13YNM8lBKnK26MYd2Lp3OpU6JdI.jpg,male,Up. Finding Nemo. Monsters, Inc.
Ellen Widmann,1894-12-15,/17R5Kg8rrisggUoP7WJX8b837h0.jpg,male,M. Anne Bäbi Jowäger -  Teil 1: Wie Jakobli zu einer Frau kommt. Anne Bäbi Jowäger -  Teil 2: Jakobli und Meyeli
Inge Landgut,1922-11-23,/1iRmBwOJ9ISS3SU3SsSWfn2jThj.jpg,female,M. Emil and the Detectives. Schneeweißchen und Rosenrot
Otto Wernicke,1893-09-30,/tnfFLMa0TA4JO2ME615I3PJ7Myl.jpg,male,M. The Testament of Dr. Mabuse. Titanic
Tom Holland,1996-06-01,/kC88TIMh9z73pImu5HpPG6ttuDv.jpg,male,Captain America: Civil War. Spider-Man: Homecoming. Avengers: Infinity War. The Judge. Mexican Boarders. Cannery Woe. Child's Play. Fright Night. Islam: The Untold Story. Dinosaurs, Myths and Monsters
Robert Downey Jr.,1965-04-04,/1YjdSym1jTG7xjHSI0yGGWEsw5i.jpg,male,The Avengers. Iron Man. Iron Man 3
Marisa Tomei,1964-12-04,/l87UKhZ1ethWmn8lksmLZ2LcQJ1.jpg,female,Captain America: Civil War. Spider-Man: Homecoming. The Big Short
Louis Wolheim,1880-03-28,/j74Kja2i4V2mhuPFFWOQQZteI4a.jpg,male,All Quiet on the Western Front. Dr. Jekyll and Mr. Hyde. Orphans of the Storm
Lew Ayres,1908-12-28,/8Z3YPfpxj5dR9jR5GGXWaoGmjAu.jpg,male,Battle for the Planet of the Apes. All Quiet on the Western Front. Damien: Omen II
John Wray,1887-02-13,/le1ogQo0KraHo2ihAOlSHGJ4Exi.jpg,male,Gone with the Wind. All Quiet on the Western Front. Mr. Deeds Goes to Town. Wonder Man
Arnold Lucy,1865-08-08, ,male,All Quiet on the Western Front. Dr. Jekyll and Mr. Hyde. Lady with a Past
Andy Serkis,1964-04-20,/eNGqhebQ4cDssjVeNFrKtUvweV5.jpg,male,The Lord of the Rings: The Fellowship of the Ring. The Lord of the Rings: The Return of the King. Star Wars: The Force Awakens
Woody Harrelson,1961-07-23,/1ecdooAHICUhCZKKEKlFtccEmTU.jpg,male,The Hunger Games. The Hunger Games: Catching Fire. The Hunger Games: Mockingjay - Part 1
Steve Zahn,1967-11-13,/tcRHqtdi4wM8hlZ3MjPDWgePp7L.jpg,male,War for the Planet of the Apes. Dallas Buyers Club. Captain Fantastic
Karin Konoval, ,/5e8YyNQjWre2UbExYBlJ7zva934.jpg,female,Rise of the Planet of the Apes. Dawn of the Planet of the Apes. War for the Planet of the Apes
Walter Huston,1883-04-05,/17N08QrQ6Am3hQD5noz5zozGaFH.jpg,male,The Maltese Falcon. The Treasure of the Sierra Madre. The Birth of a Nation
Tim Holt,1919-02-05,/7wKvlGK5295TTa1b8Pdg5amAqmz.jpg,male,The Treasure of the Sierra Madre. Stagecoach. My Darling Clementine
Bruce Bennett,1906-05-20,/iiAA0WZyAiVEs5efWyZjHZZbjIA.jpg,male,The Treasure of the Sierra Madre. Mildred Pierce. Us in the U.S.. Rapture. Mind Control Made Easy or How to Become a Cult Leader. Skins. I Was a Teenage Mummy. Deep Rising
Neel Sethi,2003-12-22,/hYqDBAPyT8yJTIhlcStvoXv02uo.jpg,male,The Jungle Book. Astro Boy
Bill Murray,1950-09-21,/7BOoOAIA1CnSzFSVSJP7saniQaB.jpg,male,The Grand Budapest Hotel. Zombieland. The Jungle Book
Ben Kingsley,1943-12-31,/2Eu3j31JDJek70ZXLY6xfeUaJoR.jpg,male,Iron Man 3. Shutter Island. Schindler's List
Dale Dickey,1961-09-29,/588WXHw17JYi2rAqIVQXzgYENu3.jpg,female,Iron Man 3. Super 8
Ben Foster,1980-10-29,/kETVqU8PMDM44wM5mxPeegdGt2F.jpg,male,X-Men: The Last Stand. Warcraft. Inferno. Strings. Time Trap. Noble. Tiny Giants 3D
William Sterchi, ,/6Pbp5BWDPZ7NhkcnjTkUhKEx3QU.jpg,male,Hell or High Water. The Space Between Us
Kim Novak,1933-02-13,/uTxpa6y6nKo2nfpOP4zsR6abLdi.jpg,female,Vertigo. The Man with the Golden Arm. The Mirror Crack'd
Barbara Bel Geddes,1922-10-31,/gvMsiEJpfUUo9L20KeTEJ9gAeak.jpg,female,Vertigo
Tom Helmore,1904-01-04,/gQdVpqYmetgOIH499Fe3xBLsj56.jpg,male,Vertigo. The Time Machine. Advise & Consent
Essie Davis,1970-01-01,/4fRr8V4harQBxJCvR8dhPP40tYA.jpg,female,The Matrix Reloaded. Assassin's Creed
Noah Wiseman, ,/e1E6mf6HFPOmbmHbRHWmMCVDJju.jpg,male,The Babadook
Hayley McElhinney,1974-09-12,/206161F52HL1pVIwD2pRHuaCcA5.jpg,female,The Babadook. Redd Inc.
Daniel Henshall,1982-08-09,/4LYeThK5O9EUy1OllvdsD5bTRbb.jpg,male,Ghost in the Shell. The Babadook. Okja
Ned Beatty,1937-07-06,/aO5MtnqcZHpsVYz1nINdjqgEJUl.jpg,male,Toy Story 3. Rango. Shooter
Robert Mitchum,1917-08-06,/q8imDThRFNQnfyRxadlBrKzGp4u.jpg,male,Cape Fear. Tombstone. Dead Man
Shelley Winters,1920-08-18,/zVg966M0RVK5kycHZUEDc51QULV.jpg,female,Lolita. The Night of the Hunter. The Poseidon Adventure
Lillian Gish,1893-10-14,/vMDJptAwODMUpgrYsfgaphAq7CS.jpg,female,The Night of the Hunter. The Birth of a Nation. Intolerance: Love's Struggle Throughout the Ages
James Gleason,1882-05-23,/ioE4cCouYzFRvqExhorQ5KmfCmq.jpg,male,The Night of the Hunter. Arsenic and Old Lace. Meet John Doe. S1m0ne
Laurence Olivier,1907-05-22,/n8jDSq91O95HSbtCJLRsM367kKx.jpg,male,Spartacus. Sky Captain and the World of Tomorrow. Rebecca
Joan Fontaine,1917-10-22,/8C0nIt3pQCMj999lFLhsSnyE2ZY.jpg,female,Rebecca. Suspicion. Letter from an Unknown Woman
Judith Anderson,1897-02-10,/ryTVWN7XI2WejLsFhicfx3yJ6y9.jpg,female,Star Trek III: The Search for Spock. Rebecca. Outland
Vivien Leigh,1913-11-05,/wUy2GIFZjSpE01xUMy9wBy2xqjc.jpg,female,Gone with the Wind. A Streetcar Named Desire. Waterloo Bridge
Kim Hunter,1922-11-12,/nB44EysedphcIWftSqyyG2qBYk8.jpg,female,Planet of the Apes. Beneath the Planet of the Apes. A Streetcar Named Desire. Time to Play
Karl Malden,1912-03-22,/mszc66eJmCKzOD2vwl8qJrVSz1W.jpg,male,On the Waterfront. A Streetcar Named Desire. Patton
Saoirse Ronan,1994-04-12,/wTTvT0GeVjzyUQG9ydX7XaAZKNr.jpg,female,The Grand Budapest Hotel. Lady Bird. The Host
Brid Brennan,1955-01-01,/m63Toyj0Wyv7PmxnjlS8t4wwm4M.jpg,female,Brooklyn. Florence Foster Jenkins. Shadow Dancer
Maeve McGrath, , ,male,Brooklyn. Gold In The Streets. Through His Eyes
Peter O'Toole,1932-08-02,/7esSG4iZHueb5Nh8RBBhtRZLpom.jpg,male,Ratatouille. Troy. Stardust. Saving Private Ryan
Alec Guinness,1914-04-02,/nv3ppxgUQJytFGXZNde4f9ZlshB.jpg,male,Star Wars: The Force Awakens. Star Wars. The Empire Strikes Back
Anthony Quinn,1915-04-21,/9sKpm4KCoUbmMbR86fpqcgBCHrJ.jpg,male,Lawrence of Arabia. Last Action Hero. La Strada. The Hole
Jack Hawkins,1910-09-14,/6NrHJxvChHawGlp0jRNZwpuiW4X.jpg,male,Lawrence of Arabia. Ben-Hur. The Bridge on the River Kwai. Morning is Broken. Boys on Film 15: Time & Tied
Peter Sellers,1925-09-08,/sCVIv2DGoC9U16anTjLwMxKBPZ.jpg,male,Dr. Strangelove or: How I Learned to Stop Worrying and Love the Bomb. Lolita. The Pink Panther
George C. Scott,1927-10-18,/wFC6K5wv6r4DgZI09JGaAsb1eCR.jpg,male,Dr. Strangelove or: How I Learned to Stop Worrying and Love the Bomb. The Rescuers Down Under
Sterling Hayden,1916-03-26,/zFntWs4OdfXszzEauHrMURQJkRD.jpg,male,The Godfather. Dr. Strangelove or: How I Learned to Stop Worrying and Love the Bomb. The Killing
Keenan Wynn,1916-07-27,/vKRcpt50Eh9AQ6yi9umy1YFZWyf.jpg,male,Dr. Strangelove or: How I Learned to Stop Worrying and Love the Bomb. Once Upon a Time in the West. Touch of Evil
Mia Farrow,1945-02-09,/kuLfS2jQOnfIOwCO7RHlwjDIERQ.jpg,female,Rosemary's Baby. Arthur and the Invisibles. Arthur and the Revenge of Maltazard
John Cassavetes,1929-12-09,/dvW9LHWNcgvRLqCom5jhx2T3aIG.jpg,male,Rosemary's Baby. The Dirty Dozen
Ruth Gordon,1896-10-30,/155Pa9jPlWEaPK7qZQFWH6kol5A.jpg,female,Rosemary's Baby. Harold and Maude
Sidney Blackmer,1895-07-13,/4chnpfUW4ZcfBkXHLNvvrkYH7ZZ.jpg,male,Rosemary's Baby. Little Caesar. High Society
Albert Brooks,1947-07-22,/kahlMTdygrPJ28VYRhKPavYD9hs.jpg,male,Finding Nemo. Finding Dory. Drive
Ellen DeGeneres,1958-01-26,/4LG2bFkqOzxzR1kpnoDcwIVuQTG.jpg,female,Finding Nemo. Finding Dory. Pauly Shore Is Dead
Alexander Gould,1994-05-04,/c4EHOhxzwx7uDBxC8zODvKAEFGX.jpg,male,Finding Nemo. Finding Dory
Willem Dafoe,1955-07-22,/7t8fhfaFBoS9VOo3OPXCfK516eI.jpg,male,Finding Nemo. Spider-Man. John Wick
Christian Bale,1974-01-30,/pPXnqoGD91znz4FwQ6aKuxi6Pcy.jpg,male,The Dark Knight. The Dark Knight Rises. Batman Begins
Heath Ledger,1979-04-04,/5Y9HnYYa9jF4NunY9lSgJGjSe8E.jpg,male,The Dark Knight. 10 Things I Hate About You. Brokeback Mountain
Aaron Eckhart,1968-03-12,/aRSofX2rMpOhPanB9Wh7veYmFn4.jpg,male,The Dark Knight. Olympus Has Fallen. Sully
Michael Caine,1933-03-14,/vvj0JMSFpOajXCE46Hy4dyqSP2U.jpg,male,Inception. The Dark Knight. Interstellar. Blood Curse II: Asmodeus Rises
Colin Clive,1900-01-20,/vbaOc2pym7cJk894YM3m3loxFn3.jpg,male,Frankenstein. The Bride of Frankenstein. The Ghost of Frankenstein
Mae Clarke,1910-08-16,/9u2HttpMOejKjrF61eOdjE9uw8c.jpg,female,Singin' in the Rain. Frankenstein
John Boles,1895-10-28,/ft0vSiwHBpzED7QAnKCp9garVpU.jpg,male,Frankenstein. Stella Dallas. Curly Top
Boris Karloff,1887-11-23,/3kY1eEgGFAoVyy8MjNolCS5wouj.jpg,male,Frankenstein. How the Grinch Stole Christmas!. The Bride of Frankenstein
Mel Blanc,1908-05-30,/uwu4kzZ0OtxVE88FtUDE5uMHIyK.jpg,male,Pinocchio. Who Framed Roger Rabbit. The Sword in the Stone. Porky's Hero Agency
Don Brodie,1904-05-29,/qmVCahELUc9wtVNRNfPP5wtYf4V.jpg,male,Pinocchio. The Great Dictator. Harvey
Walter Catlett,1889-02-04,/Y5kIRVTNaKuMy8DyrFDP1kwOub.jpg,male,Pinocchio. Bringing Up Baby. Mr. Deeds Goes to Town
Mickey Rourke,1952-09-16,/AvGzQ8fvjurGmZW3W1wlQ5WfSeT.jpg,male,Iron Man 2. The Expendables. Sin City
Evan Rachel Wood,1987-09-07,/8FlQq58MYv3Wd91R8WV6jrWIeLy.jpg,female,The Wrestler. The Ides of March
Mark Margolis,1939-11-26,/ue04GglAWi7FnxLWeESekpRJ8do.jpg,male,Black Swan. Scarface. Requiem for a Dream
Eli Wallach,1915-12-07,/cjOzKNXOrwc8ZgGWmJEM8A3HZ19.jpg,male,The Good, the Bad and the Ugly. Mystic River. The Godfather: Part III
Clint Eastwood,1930-05-31,/iGgljl8yozXF5WoGQy5zQD97i9Z.jpg,male,American Sniper. Gran Torino. Million Dollar Baby
Lee Van Cleef,1925-01-09,/oEEsdGCBjpyJyVZlx1X8PKvHe7S.jpg,male,The Good, the Bad and the Ugly. For a Few Dollars More. Escape from New York
Aldo Giuffrè,1924-04-10,/aBp4PnfO43mTgCGg0pjmfhHrfdZ.jpg,male,The Good, the Bad and the Ugly. Yesterday, Today and Tomorrow. Cops and Robbers
Chris Evans,1981-06-13,/kRlx7PxXkom7Daj8Z2HmcbPQB1o.jpg,male,The Avengers. Captain America: Civil War. Avengers: Age of Ultron. Postman Pat: The Movie. Austentatious: Live at Leicester Square Theatre. Richard Herring: Happy Now. Richard Herring: Oh Fuck, I'm 40!. Sexual Awakenings. Zen. Head Master 2. So That You Can Live
Scarlett Johansson,1984-11-22,/tHMgW7Pg0Fg6HmB8Kh8Ixk6yxZw.jpg,female,The Avengers. Captain America: Civil War. Avengers: Age of Ultron
Sebastian Stan,1982-08-13,/76Lr7hStv0uunDbCYIXO9pMV8Mb.jpg,male,Captain America: Civil War. The Martian. Captain America: The First Avenger
Ed O'Neill,1946-04-12,/pw37XR7Rvw50GWZ3c7rEibn8oAi.jpg,male,Finding Dory. Wreck-It Ralph. The Bone Collector
Kaitlin Olson,1975-08-18,/t8I6YPdmPTBgdY5ymqygCxciMYf.jpg,female,Finding Dory. The Heat. Vacation
Roy Scheider,1932-11-10,/gx1jsvIL2OCzG6TOnl7ErgD28ZU.jpg,male,Jaws. The Punisher
Robert Shaw,1927-08-09,/yXXFj6cxw8l7Hxo16HaqNF4xN6v.jpg,male,Jaws. From Russia with Love. The Sting. The Grapes of Wrath. Time After Time. Young Mr. Lincoln. EXPO 67 Mission Impossible. Terror Of The Killer Carnivorous Coat
Richard Dreyfuss,1947-10-29,/17WScmWvPBK1EFYsCTbthysv0rH.jpg,male,Jaws. RED. Stand by Me
Lorraine Gary,1937-08-16,/nzyCjOtiKd02AJ4zRqCmW2jb5I7.jpg,female,Jaws. Jaws 2. Jaws: The Revenge
Yves Montand,1921-10-13,/3EYZa9K4B1voXciLVFkrfVp8ea7.jpg,male,The Wages of Fear. Delusions of Grandeur. Le Cercle Rouge
Charles Vanel,1892-08-21,/n2QkGhxuFmGoDyzGUHxdKQfMQX2.jpg,male,To Catch a Thief. Diabolique. The Wages of Fear
Folco Lulli,1912-07-03,/i7uDlluojzLLbd8BkRrqvIG9Whb.jpg,male,The Wages of Fear. The Restaurant. The Great War
Peter van Eyck,1911-07-16,/xXkWcMKcFSEiupgII0VMCt942Zz.jpg,male,The Longest Day. The Wages of Fear. The Spy Who Came in from the Cold
Kevin Spacey,1959-07-26,/dlVRkUYKyZdJ39AN55cY1LoyXAP.jpg,male,Se7en. Baby Driver. American Beauty
Russell Crowe,1964-04-07,/ktuOAyUHM2u2YPPChH8gAArxJ7b.jpg,male,Man of Steel. Gladiator. A Beautiful Mind
Guy Pearce,1967-10-05,/vTqk6Nh3WgqPubkS23eOlMAwmwa.jpg,male,Iron Man 3. Memento. Prometheus. Difficulty Breathing. The Rope Maiden. Laura. Lifeboat. The Ox-Bow Incident
James Cromwell,1940-01-27,/f9HU6zS2K2DCRt2WoJBK61ElqPJ.jpg,male,Big Hero 6. The Green Mile. Spider-Man 3
Bailey Spry, ,/ryuPOCAYdaJxf4y0i04tYH3SvZT.jpg,female,It Follows. Age of Ice
Carollette Phillips, ,/9nqkW04WJVV2VnRDU6rxWLPlHvQ.jpg,female,It Follows. American Prophet
Loren Bass, ,/cdj4ffK5ft00Arb4OnsnIPNIz2F.jpg,male,It Follows. Gifted Hands: The Ben Carson Story
Keir Gilchrist,1992-09-28,/vFrziqS1PDoHYFs2Vn9ro3577Ry.jpg,male,It Follows. It's Kind of a Funny Story
Lee J. Cobb,1911-12-08,/535dOk8eUI97esLMunIXdG58jUu.jpg,male,The Exorcist. 12 Angry Men. On the Waterfront
Rod Steiger,1925-04-14,/cc96tXM1O0PAoyog9hzo1GgSwB5.jpg,male,Mars Attacks!. End of Days
Son Ye-jin,1982-01-11,/in7Egh7eHZwhKylcmALqhXEEC6K.jpg,female,A Moment to Remember. The Tower. The Classic
Kim Myung-min, ,/wozIeSG28brBbWrEMELqxuBbv8h.jpg,male,Pandora. Into the Mirror. Deranged
Do Ki-Seok,1974-09-16, ,male,
Ji Dae-han, ,/9aoOX8p2oxUAwOaT8jT6GWfjs01.jpg,male,Oldboy. Spring, Summer, Fall, Winter... and Spring. The Villainess. A Wonderful Moment
Samuel L. Jackson,1948-12-21,/AvCReLikjzYEf9XjTQxbv3JWgKT.jpg,male,The Avengers. Django Unchained. Iron Man
James Baldwin,1924-08-02,/wRiKddKXiWkQgxT1XWhuykjfmFC.jpg,male,I Am Not Your Negro. Baldwin's Nigger. Crouching Ryan, Hidden Haynes. Katy Perry: Making of the Pepsi Super Bowl Halftime Show. The Phantom of the Opera. Where the Heart Is
Martin Luther King,1929-01-15,/ng1Bs4dG0wwpjl9TFfEwsRZiLHr.jpg,male,Driving Miss Daisy. I Am Not Your Negro. I Am Curious (Yellow)
Malcolm X,1925-05-19,/aIjsu4E04uywUy3Q8tjR4X0dZ5A.jpg,male,I Am Not Your Negro. The Trials of Muhammad Ali. King: Man of Peace in a Time of War
Michael B. Jordan,1987-02-09,/4vXkRCbrquoP5Lrb4px7tubDLMC.jpg,male,Black Panther. Fantastic Four. Creed
Sylvester Stallone,1946-07-06,/gnmwOa46C2TP35N7ARSzboTdx2u.jpg,male,Guardians of the Galaxy Vol. 2. Men in Black. The Expendables
Tessa Thompson,1983-10-03,/fycqdiiM6dsNSbnONBVVQ57ILV1.jpg,female,Thor: Ragnarok. Annihilation. Creed
Phylicia Rashād,1948-06-19,/88MQJyzIBPyCU9wQxt7NUvwVX7r.jpg,female,Creed. Just Wright
Henry Fonda,1905-05-16,/jNLuMWW7SpSeGMUP5qxOAtg0Ryr.jpg,male,12 Angry Men. Once Upon a Time in the West. The Longest Day
Jane Darwell,1879-10-15,/geGrMcqxcFtMKKJO36OFpVwZFFW.jpg,female,Mary Poppins. Gone with the Wind. The Grapes of Wrath
John Carradine,1906-02-05,/cUlQO0vGGFoF3VZjzok8U276exY.jpg,male,The Ten Commandments. The Man Who Shot Liberty Valance. Everything You Always Wanted to Know About Sex *But Were Afraid to Ask
Charley Grapewin,1869-12-20,/jUHnyU7byM0ajyrovvUXkWZnlAc.jpg,male,The Wizard of Oz. The Grapes of Wrath. The Petrified Forest
Ralph Fiennes,1962-12-22,/d2vvUY7bzEbNRXInVVwuyHkN6Bz.jpg,male,Harry Potter and the Deathly Hallows: Part 2. Skyfall. Harry Potter and the Goblet of Fire
Michael Gambon,1940-10-19,/k6VxRs7xcG6DLEVM1izjb3UWSyC.jpg,male,Harry Potter and the Deathly Hallows: Part 2. Harry Potter and the Prisoner of Azkaban. Harry Potter and the Goblet of Fire
Alan Rickman,1946-02-21,/zOJgiaztnrnB7TSdGYU3uwpgivl.jpg,male,Harry Potter and the Philosopher's Stone. Harry Potter and the Chamber of Secrets. Harry Potter and the Deathly Hallows: Part 2
Daniel Radcliffe,1989-07-23,/kMSMa5tR43TLMR14ahU1neFVytz.jpg,male,Harry Potter and the Philosopher's Stone. Harry Potter and the Chamber of Secrets. Harry Potter and the Deathly Hallows: Part 2
Gregory Peck,1916-04-05,/ycs6o0UoohQ7nV7A6VWaTkoIkCQ.jpg,male,To Kill a Mockingbird. Cape Fear. Roman Holiday
Audrey Hepburn,1929-05-04,/hwPHPRz7YqmcRAlvhag5VPeoaoC.jpg,female,Breakfast at Tiffany's. Roman Holiday. My Fair Lady
Eddie Albert,1906-04-22,/tScju2xZ42MpXqx5WSYKFtwzH8r.jpg,male,Roman Holiday. The Longest Day
Hartley Power,1894-03-14,/7HIY3vgeBBHv5S366ZKBWp5VaBj.jpg,male,Roman Holiday. Dead of Night. The Million Pound Note
Anthony Mackie,1979-09-23,/5VGGJ0Co8SC94iiedWb2o3C36T.jpg,male,Captain America: Civil War. Avengers: Age of Ultron. Ant-Man
Brian Geraghty,1974-05-13,/3risyyYIFDQaz0EHRVqNOCToaDe.jpg,male,Flight. The Hurt Locker. Jarhead
Gary Cooper,1901-05-07,/zVUK71x5IoBaJ5H9dTgE2CRmLKy.jpg,male,High Noon. Mr. Deeds Goes to Town. Wings
Thomas Mitchell,1892-07-11,/1Tiiouk77NtxSmdknoN4ny5kT9j.jpg,male,It's a Wonderful Life. Gone with the Wind. High Noon. Horsemen. Drawcard. Life Begins with Love. The Nostril Picker. The Dick Tracy Special
Lloyd Bridges,1913-01-15,/qez0xZiQGt3f530vAGcoYAWd7FM.jpg,male,Airplane!. Hot Shots!. Hot Shots! Part Deux
Katy Jurado,1924-01-16,/mlxcf8ni0QCYmLtccMjeFlVRx2s.jpg,female,High Noon. Pat Garrett & Billy the Kid. One-Eyed Jacks
Timothy Bottoms,1951-08-30,/7dE2UciH9hakOFErUqv1zbnTUln.jpg,male,The Girl Next Door. Elephant
Jeff Bridges,1949-12-04,/xms1RAY6q7Lzp7wNeRCB0kzhucn.jpg,male,Iron Man. The Big Lebowski. Kingsman: The Golden Circle
Cybill Shepherd,1950-02-18,/hG2RJvjvgy4ch0glP2kLMuoBc7R.jpg,female,Taxi Driver
Ben Johnson,1918-06-13,/yqPEXD23jLYxmCCLNWtyQ3tJ89V.jpg,male,The Wild Bunch. Red Dawn. Hang 'em High. Homeless for the Holidays. Ruby Jean and Joe. Billy Budd. Trespasses. Justice League: Dawn of Apokolips. 9.79*. ENO Screen: La Traviata. Kalabog en Bosyo Strike Again. Black Friday. Sunshine. Overshadowed. The Making of 'Some Like It Hot'. The Legacy of 'Some Like It Hot'. Simba. Daddy's Little Darlings. Shoot That Ball. Z/Rex: The Jurassic Dead. Last Call. Zero Hour: Massacre at Columbine High. Talking to Heaven
Margaret Lockwood,1916-09-15,/91N940cyvdPV4clTmCREX0kKBZk.jpg,female,The Lady Vanishes. Night Train to Munich. The Slipper and the Rose
Michael Redgrave,1908-03-20,/eQwqBfCucvLhQIKz23SzN3z6wN7.jpg,male,The Lady Vanishes. The Innocents. Battle of Britain
Paul Lukas,1894-05-26,/uPN8hpMtacoFylb0Ez9j800bilZ.jpg,male,The Lady Vanishes. 20,000 Leagues Under the Sea. 55 Days at Peking
Dame May Whitty,1865-06-19,/qOZnX0Lyrz6bE2CBnyHCgQeuKUf.jpg,female,The Lady Vanishes. Suspicion. Gaslight
Carrie Henn,1976-05-07,/pQezLMMjYw6k2sQKmsNbWNcGgHx.jpg,female,Aliens. Alien Evolution
Michael Biehn,1956-07-31,/uZvJIfVirbv32OK4nba5bMZ6t9G.jpg,male,The Terminator. Aliens. The Rock
Paul Reiser,1957-03-30,/fr53dQQrDGfETgbliCktwKqteRU.jpg,male,Whiplash. Aliens
